,BR,LASSO,LS,RLS,RR
0,2.4617519332965956,2.546503596157394,3.679852494237096,2.485100679134559,3.841323799673661
1,1.2498372149421235,1.2043130063567515,1.4477855311258665,1.2389123964044817,1.5020593034595813
