,BR,LASSO,LS,RLS,RR
0,51.712695307846516,54.13875733921667,94.0004193592425,51.858315689238616,154.6001240518532
1,6.2206976542046215,6.342742071669261,7.799123662732766,6.233887122631455,9.329563207387116
