,BR,LASSO,LS,RLS
0,2.789177500548611,3.34204442285426,5.601918950039699,3.2977500647778415
1,1.328038155064805,1.4604287495772403,1.932224387016246,1.4609053837488
