,BR,LASSO,LS,RLS
0,2.4617519332965596,2.546503596157365,3.6798524942160253,2.485100679134529
1,1.2498372149421213,1.2043130063567515,1.4477855311228323,1.2389123964044695
